{
  "summary": {
    "base": {
      "model": "base",
      "n_examples": 110,
      "total_unmasked_tokens": 387429,
      "mean_loss_unweighted": 1.3292390205643394,
      "mean_loss_token_weighted": 1.3094777127091755,
      "perplexity": 3.704238530187202
    },
    "sft": {
      "model": "sft",
      "n_examples": 110,
      "total_unmasked_tokens": 387429,
      "mean_loss_unweighted": 0.939217759533362,
      "mean_loss_token_weighted": 0.9358348484509819,
      "perplexity": 2.5493408828637434
    },
    "delta_token_weighted_loss": 0.3736428642581936,
    "perplexity_ratio_base_over_sft": 1.4530181330737264,
    "n_examples_sft_better": 110
  },
  "per_example": {
    "base": [
      1.232279896736145,
      1.442602276802063,
      1.2826344966888428,
      1.219331979751587,
      1.5166685581207275,
      1.5785751342773438,
      1.4517912864685059,
      1.4206234216690063,
      0.9176417589187622,
      1.518937587738037,
      1.3278615474700928,
      1.6371313333511353,
      1.122740387916565,
      1.3597984313964844,
      0.8800079822540283,
      1.0994822978973389,
      1.1074100732803345,
      1.2147526741027832,
      0.8230144381523132,
      1.2084686756134033,
      1.232860803604126,
      1.6774343252182007,
      1.06289803981781,
      1.3278244733810425,
      0.9834821820259094,
      1.2092111110687256,
      1.6112494468688965,
      1.004862904548645,
      1.0676263570785522,
      1.327469825744629,
      1.6884400844573975,
      1.3154356479644775,
      1.461026906967163,
      1.8028428554534912,
      1.080019235610962,
      1.3933398723602295,
      0.9500031471252441,
      1.6525769233703613,
      1.863071084022522,
      0.7852134704589844,
      1.3895375728607178,
      1.1985124349594116,
      1.9121019840240479,
      1.7179584503173828,
      1.150322437286377,
      1.1481536626815796,
      1.0235838890075684,
      1.6204148530960083,
      1.1010867357254028,
      1.4538812637329102,
      1.3618173599243164,
      0.9500031471252441,
      1.3490359783172607,
      1.4524197578430176,
      1.1810128688812256,
      1.793737769126892,
      1.745627999305725,
      1.2394113540649414,
      1.3559812307357788,
      1.5674717426300049,
      1.1798733472824097,
      0.9927315711975098,
      1.3322690725326538,
      1.2413886785507202,
      1.3817306756973267,
      1.646855354309082,
      1.3586058616638184,
      1.6071593761444092,
      1.6490799188613892,
      1.592725157737732,
      0.9975317716598511,
      1.2896019220352173,
      1.3312212228775024,
      1.9868155717849731,
      1.4777911901474,
      0.7076796293258667,
      1.4248697757720947,
      1.7762435674667358,
      1.1810128688812256,
      1.759552240371704,
      1.3039206266403198,
      1.7141460180282593,
      1.7559049129486084,
      1.144973635673523,
      1.5694481134414673,
      1.0221282243728638,
      1.3672354221343994,
      1.084852933883667,
      1.1555819511413574,
      1.3314464092254639,
      1.2782745361328125,
      1.2618941068649292,
      1.0609986782073975,
      1.2221553325653076,
      1.3371798992156982,
      1.293470025062561,
      1.152199625968933,
      1.1532169580459595,
      1.1667081117630005,
      1.2376270294189453,
      1.1386234760284424,
      1.4293208122253418,
      1.686522126197815,
      1.184683084487915,
      0.9839560985565186,
      1.6652178764343262,
      1.022516131401062,
      1.6862425804138184,
      1.2084686756134033,
      1.111924648284912
    ],
    "sft": [
      0.8855268955230713,
      1.0634806156158447,
      0.970844566822052,
      0.8700762391090393,
      1.1036474704742432,
      0.9836395382881165,
      1.0470620393753052,
      0.9694526195526123,
      0.6039360165596008,
      1.1404023170471191,
      0.9475842714309692,
      1.2599204778671265,
      0.6677117347717285,
      0.9472995400428772,
      0.5904479622840881,
      0.8607818484306335,
      0.7349923849105835,
      0.8215451836585999,
      0.4773406684398651,
      0.7338706254959106,
      0.9306877851486206,
      1.2390142679214478,
      0.8008840680122375,
      0.9543772339820862,
      0.5228123068809509,
      0.6893515586853027,
      1.1835941076278687,
      0.633537769317627,
      0.7283209562301636,
      0.7923784255981445,
      1.3143404722213745,
      0.9572054147720337,
      1.1256647109985352,
      1.4452508687973022,
      0.6325362920761108,
      0.9961768388748169,
      0.5626230239868164,
      1.2571393251419067,
      1.332503318786621,
      0.4353226125240326,
      1.0200166702270508,
      0.8049371838569641,
      1.4185467958450317,
      1.3130395412445068,
      0.6846380233764648,
      0.7839765548706055,
      0.7209891080856323,
      1.1597336530685425,
      0.725956916809082,
      1.1201142072677612,
      0.9040790796279907,
      0.5626230239868164,
      0.9791991114616394,
      1.0884406566619873,
      0.7528397440910339,
      1.3377861976623535,
      1.2765238285064697,
      0.8754825592041016,
      0.9892061352729797,
      1.1442536115646362,
      0.7508602738380432,
      0.6236675381660461,
      0.9232510328292847,
      0.9209963083267212,
      0.9699074029922485,
      1.1617416143417358,
      1.091326117515564,
      1.395194411277771,
      1.2842200994491577,
      1.2110353708267212,
      0.7199073433876038,
      0.7514731884002686,
      0.9401540756225586,
      1.5352802276611328,
      1.0965776443481445,
      0.4545898139476776,
      1.043558955192566,
      1.2751765251159668,
      0.7528397440910339,
      1.2962143421173096,
      0.819768488407135,
      1.3283783197402954,
      1.3151746988296509,
      0.8362869620323181,
      1.1645559072494507,
      0.663909375667572,
      0.9784253239631653,
      0.7681602239608765,
      0.8148912191390991,
      0.8047626614570618,
      0.9204526543617249,
      0.8351843357086182,
      0.760295033454895,
      0.8266214728355408,
      0.8746827244758606,
      0.9232057929039001,
      0.7419013977050781,
      0.755156934261322,
      0.855837881565094,
      0.9405837059020996,
      0.8130297660827637,
      0.9999675154685974,
      1.2568180561065674,
      0.8350104093551636,
      0.6882849335670471,
      1.2233262062072754,
      0.687528669834137,
      1.2381607294082642,
      0.7338706254959106,
      0.8360825181007385
    ]
  }
}