{
  "summary": {
    "base": {
      "model": "base",
      "n_examples": 110,
      "total_unmasked_tokens": 311242,
      "mean_loss_unweighted": 1.2844708973711187,
      "mean_loss_token_weighted": 1.2801052473793841,
      "perplexity": 3.597018282395694
    },
    "sft": {
      "model": "sft",
      "n_examples": 110,
      "total_unmasked_tokens": 311242,
      "mean_loss_unweighted": 0.976442104307088,
      "mean_loss_token_weighted": 0.985879222225145,
      "perplexity": 2.6801673114647584
    },
    "delta_token_weighted_loss": 0.2942260251542391,
    "perplexity_ratio_base_over_sft": 1.3420872148574414,
    "n_examples_sft_better": 110
  },
  "per_example": {
    "base": [
      1.194585919380188,
      1.41756272315979,
      1.2259531021118164,
      1.247545599937439,
      1.4920949935913086,
      1.5768609046936035,
      1.4343583583831787,
      1.425484538078308,
      0.8307787179946899,
      1.4425373077392578,
      1.300810694694519,
      1.6413766145706177,
      1.047070026397705,
      1.3498268127441406,
      0.7897929549217224,
      1.0497416257858276,
      1.0269502401351929,
      1.0972785949707031,
      0.6651816368103027,
      1.1520735025405884,
      1.2448536157608032,
      1.6390233039855957,
      1.0509485006332397,
      1.3121732473373413,
      0.8459165096282959,
      1.2005317211151123,
      1.6877572536468506,
      0.935525119304657,
      1.0048558712005615,
      1.2933975458145142,
      1.5894147157669067,
      1.3320921659469604,
      1.4018007516860962,
      1.925126552581787,
      1.0373034477233887,
      1.414415717124939,
      0.8508067727088928,
      1.6820409297943115,
      1.7697073221206665,
      0.6830757856369019,
      1.3624908924102783,
      1.1229554414749146,
      1.8206262588500977,
      1.6281721591949463,
      1.0888022184371948,
      1.152107834815979,
      0.9067761301994324,
      1.5282623767852783,
      1.0813679695129395,
      1.3591547012329102,
      1.2448810338974,
      0.8508067727088928,
      1.344525933265686,
      1.4863872528076172,
      1.073777675628662,
      1.7109687328338623,
      1.637753963470459,
      1.1716457605361938,
      1.2772117853164673,
      1.547877311706543,
      1.1227902173995972,
      0.930658221244812,
      1.333382248878479,
      1.177951693534851,
      1.4048792123794556,
      1.6314679384231567,
      1.3120815753936768,
      1.5769524574279785,
      1.5818119049072266,
      1.5180224180221558,
      0.9044238924980164,
      1.2358278036117554,
      1.2680240869522095,
      1.9152776002883911,
      1.4112449884414673,
      0.6291477680206299,
      1.3883675336837769,
      1.824355125427246,
      1.073777675628662,
      1.6937878131866455,
      1.253891110420227,
      1.6686381101608276,
      1.6673979759216309,
      1.0910238027572632,
      1.4922196865081787,
      0.9858918786048889,
      1.4163622856140137,
      1.0224891901016235,
      1.1058002710342407,
      1.3080310821533203,
      1.2854127883911133,
      1.2853412628173828,
      1.0390430688858032,
      1.294532299041748,
      1.3081012964248657,
      1.2323461771011353,
      1.0806782245635986,
      1.1122982501983643,
      1.113987922668457,
      1.2011452913284302,
      1.1684973239898682,
      1.4400312900543213,
      1.5950623750686646,
      1.1775054931640625,
      0.9363976716995239,
      1.579595923423767,
      0.9693320393562317,
      1.601775050163269,
      1.1520735025405884,
      1.0674799680709839
    ],
    "sft": [
      0.9372575879096985,
      1.1154365539550781,
      0.98566734790802,
      0.9420226216316223,
      1.160296082496643,
      1.0962615013122559,
      1.131544828414917,
      1.048864722251892,
      0.5919252634048462,
      1.1322814226150513,
      0.9930233359336853,
      1.340012550354004,
      0.6901980638504028,
      1.0049062967300415,
      0.5688730478286743,
      0.8586564660072327,
      0.73662269115448,
      0.7971232533454895,
      0.4247256815433502,
      0.7668564915657043,
      0.9940891861915588,
      1.318099856376648,
      0.8446096181869507,
      1.0058763027191162,
      0.5089384913444519,
      0.7613629102706909,
      1.3105264902114868,
      0.6270046234130859,
      0.7376585006713867,
      0.8747177124023438,
      1.3179707527160645,
      1.046852946281433,
      1.127924919128418,
      1.6198065280914307,
      0.6495729684829712,
      1.0920580625534058,
      0.5689820647239685,
      1.3618406057357788,
      1.361021876335144,
      0.4427611827850342,
      1.067521095275879,
      0.8390728235244751,
      1.4278762340545654,
      1.3074194192886353,
      0.7177565097808838,
      0.8464568257331848,
      0.6989747285842896,
      1.1612759828567505,
      0.7688405513763428,
      1.109378457069397,
      0.9051918983459473,
      0.5689820647239685,
      1.0345399379730225,
      1.1916054487228394,
      0.7463423013687134,
      1.3527594804763794,
      1.2752736806869507,
      0.8936816453933716,
      1.0084534883499146,
      1.2126356363296509,
      0.7961376905441284,
      0.6456449627876282,
      0.987059473991394,
      0.9463693499565125,
      1.0530078411102295,
      1.2620590925216675,
      1.1159782409667969,
      1.4009889364242554,
      1.2975026369094849,
      1.2263563871383667,
      0.7006183862686157,
      0.8275400400161743,
      0.9573548436164856,
      1.5493037700653076,
      1.1043248176574707,
      0.4355819821357727,
      1.0956621170043945,
      1.415167212486267,
      0.7463423013687134,
      1.321729302406311,
      0.8769172430038452,
      1.3779218196868896,
      1.3190810680389404,
      0.8599958419799805,
      1.1659502983093262,
      0.6978729367256165,
      1.0846494436264038,
      0.7850177884101868,
      0.8480837345123291,
      0.8714528679847717,
      0.996178388595581,
      0.9327457547187805,
      0.8087893724441528,
      0.9224421381950378,
      0.9295887351036072,
      0.9563660621643066,
      0.7882763743400574,
      0.8000571131706238,
      0.8828524947166443,
      0.9728611707687378,
      0.8983408212661743,
      1.0797338485717773,
      1.2490674257278442,
      0.9001821875572205,
      0.7074892520904541,
      1.221710443496704,
      0.712723970413208,
      1.2279123067855835,
      0.7668564915657043,
      0.8545150756835938
    ]
  }
}