{
  "summary": {
    "base": {
      "model": "base",
      "n_examples": 110,
      "total_unmasked_tokens": 387429,
      "mean_loss_unweighted": 1.3292390205643394,
      "mean_loss_token_weighted": 1.3094777127091755,
      "perplexity": 3.704238530187202
    },
    "sft": {
      "model": "sft",
      "n_examples": 110,
      "total_unmasked_tokens": 387429,
      "mean_loss_unweighted": 0.9628044198859822,
      "mean_loss_token_weighted": 0.9587585419238965,
      "perplexity": 2.608456173508272
    },
    "delta_token_weighted_loss": 0.3507191707852789,
    "perplexity_ratio_base_over_sft": 1.4200884675800955,
    "n_examples_sft_better": 110
  },
  "per_example": {
    "base": [
      1.232279896736145,
      1.442602276802063,
      1.2826344966888428,
      1.219331979751587,
      1.5166685581207275,
      1.5785751342773438,
      1.4517912864685059,
      1.4206234216690063,
      0.9176417589187622,
      1.518937587738037,
      1.3278615474700928,
      1.6371313333511353,
      1.122740387916565,
      1.3597984313964844,
      0.8800079822540283,
      1.0994822978973389,
      1.1074100732803345,
      1.2147526741027832,
      0.8230144381523132,
      1.2084686756134033,
      1.232860803604126,
      1.6774343252182007,
      1.06289803981781,
      1.3278244733810425,
      0.9834821820259094,
      1.2092111110687256,
      1.6112494468688965,
      1.004862904548645,
      1.0676263570785522,
      1.327469825744629,
      1.6884400844573975,
      1.3154356479644775,
      1.461026906967163,
      1.8028428554534912,
      1.080019235610962,
      1.3933398723602295,
      0.9500031471252441,
      1.6525769233703613,
      1.863071084022522,
      0.7852134704589844,
      1.3895375728607178,
      1.1985124349594116,
      1.9121019840240479,
      1.7179584503173828,
      1.150322437286377,
      1.1481536626815796,
      1.0235838890075684,
      1.6204148530960083,
      1.1010867357254028,
      1.4538812637329102,
      1.3618173599243164,
      0.9500031471252441,
      1.3490359783172607,
      1.4524197578430176,
      1.1810128688812256,
      1.793737769126892,
      1.745627999305725,
      1.2394113540649414,
      1.3559812307357788,
      1.5674717426300049,
      1.1798733472824097,
      0.9927315711975098,
      1.3322690725326538,
      1.2413886785507202,
      1.3817306756973267,
      1.646855354309082,
      1.3586058616638184,
      1.6071593761444092,
      1.6490799188613892,
      1.592725157737732,
      0.9975317716598511,
      1.2896019220352173,
      1.3312212228775024,
      1.9868155717849731,
      1.4777911901474,
      0.7076796293258667,
      1.4248697757720947,
      1.7762435674667358,
      1.1810128688812256,
      1.759552240371704,
      1.3039206266403198,
      1.7141460180282593,
      1.7559049129486084,
      1.144973635673523,
      1.5694481134414673,
      1.0221282243728638,
      1.3672354221343994,
      1.084852933883667,
      1.1555819511413574,
      1.3314464092254639,
      1.2782745361328125,
      1.2618941068649292,
      1.0609986782073975,
      1.2221553325653076,
      1.3371798992156982,
      1.293470025062561,
      1.152199625968933,
      1.1532169580459595,
      1.1667081117630005,
      1.2376270294189453,
      1.1386234760284424,
      1.4293208122253418,
      1.686522126197815,
      1.184683084487915,
      0.9839560985565186,
      1.6652178764343262,
      1.022516131401062,
      1.6862425804138184,
      1.2084686756134033,
      1.111924648284912
    ],
    "sft": [
      0.914591908454895,
      1.0926378965377808,
      0.9834012985229492,
      0.8862153887748718,
      1.1185663938522339,
      1.0125813484191895,
      1.0832791328430176,
      0.9941118359565735,
      0.6212325096130371,
      1.1642801761627197,
      0.9624624252319336,
      1.2767006158828735,
      0.6939855217933655,
      0.9647693037986755,
      0.6148545145988464,
      0.8705728650093079,
      0.7642235159873962,
      0.8365983963012695,
      0.4961404800415039,
      0.7525361776351929,
      0.9497242569923401,
      1.2711834907531738,
      0.8131325840950012,
      0.9694405198097229,
      0.5500521659851074,
      0.7146255373954773,
      1.2027204036712646,
      0.6479158401489258,
      0.7466782927513123,
      0.8195458650588989,
      1.3648308515548706,
      0.9716122150421143,
      1.1433218717575073,
      1.4644346237182617,
      0.6569262742996216,
      1.014642596244812,
      0.5816086530685425,
      1.2726521492004395,
      1.3808940649032593,
      0.46704837679862976,
      1.0363092422485352,
      0.8440406322479248,
      1.4550480842590332,
      1.3435924053192139,
      0.7039779424667358,
      0.8026929497718811,
      0.7441213726997375,
      1.1894795894622803,
      0.7441685199737549,
      1.1558550596237183,
      0.9273557066917419,
      0.5816086530685425,
      0.994693398475647,
      1.1141656637191772,
      0.7766175866127014,
      1.3681446313858032,
      1.3034560680389404,
      0.9094409346580505,
      1.0174380540847778,
      1.1637187004089355,
      0.7903804779052734,
      0.6413202881813049,
      0.9390631318092346,
      0.93399578332901,
      0.9875307679176331,
      1.1910001039505005,
      1.1100887060165405,
      1.408108115196228,
      1.3145906925201416,
      1.2451926469802856,
      0.7414451837539673,
      0.7833820581436157,
      0.9599976539611816,
      1.5631223917007446,
      1.1207870244979858,
      0.46734192967414856,
      1.0598158836364746,
      1.3064332008361816,
      0.7766175866127014,
      1.3336830139160156,
      0.8442720770835876,
      1.3764777183532715,
      1.3456820249557495,
      0.8579849600791931,
      1.1892250776290894,
      0.6847992539405823,
      0.9965266585350037,
      0.8010061383247375,
      0.8413882851600647,
      0.8292252421379089,
      0.936227023601532,
      0.8558809161186218,
      0.774864673614502,
      0.8453537821769714,
      0.8986667394638062,
      0.9514474272727966,
      0.7806155681610107,
      0.7726568579673767,
      0.8686098456382751,
      0.9636865258216858,
      0.8306185603141785,
      1.0227054357528687,
      1.2843682765960693,
      0.8519462943077087,
      0.7108238339424133,
      1.2446162700653076,
      0.7056016325950623,
      1.2623116970062256,
      0.7525361776351929,
      0.8718070387840271
    ]
  }
}