{
  "summary": {
    "base": {
      "model": "base",
      "n_examples": 250,
      "total_unmasked_tokens": 57240,
      "mean_loss_unweighted": 2.3557418637275696,
      "mean_loss_token_weighted": 2.244571301301487,
      "perplexity": 9.436369329965862
    },
    "sft": {
      "model": "sft",
      "n_examples": 250,
      "total_unmasked_tokens": 57240,
      "mean_loss_unweighted": 0.3454698061943054,
      "mean_loss_token_weighted": 0.3284046276656691,
      "perplexity": 1.388750785607718
    },
    "delta_token_weighted_loss": 1.9161666736358178,
    "delta_mean_loss_unweighted": 2.010272057533264,
    "perplexity_ratio_base_over_sft": 6.794861560302558,
    "n_examples_sft_better": 250
  },
  "per_example": {
    "base": [
      2.0685667991638184,
      2.3170058727264404,
      3.2304248809814453,
      1.3390218019485474,
      2.236826181411743,
      2.296461343765259,
      2.114854097366333,
      3.047978162765503,
      2.0086042881011963,
      2.152430772781372,
      3.57029128074646,
      2.172147035598755,
      2.242513656616211,
      1.9425790309906006,
      2.194119691848755,
      2.1078548431396484,
      2.268827438354492,
      2.2524170875549316,
      2.258143663406372,
      2.078493595123291,
      1.8081250190734863,
      2.147488594055176,
      2.1241700649261475,
      2.133962392807007,
      2.254793405532837,
      2.088253974914551,
      3.3561792373657227,
      2.194866180419922,
      1.3404719829559326,
      2.8500261306762695,
      2.3047266006469727,
      2.0994627475738525,
      1.9971188306808472,
      2.8204541206359863,
      3.366271495819092,
      1.316300630569458,
      2.0954670906066895,
      3.290879726409912,
      3.000788927078247,
      2.274115562438965,
      2.2128825187683105,
      1.309669017791748,
      3.5578572750091553,
      2.1343424320220947,
      1.6694735288619995,
      2.3915114402770996,
      1.704785704612732,
      2.1850545406341553,
      2.2398321628570557,
      2.2454659938812256,
      3.0302774906158447,
      2.1479883193969727,
      2.1326229572296143,
      1.9605419635772705,
      2.79805326461792,
      2.1442341804504395,
      3.1422665119171143,
      2.057278633117676,
      2.316882371902466,
      2.150452136993408,
      2.2054190635681152,
      3.0681612491607666,
      2.0257716178894043,
      2.157400369644165,
      2.0826408863067627,
      2.0955889225006104,
      1.9686931371688843,
      2.0806965827941895,
      2.1484432220458984,
      2.1752371788024902,
      2.180856466293335,
      2.2727465629577637,
      2.0284695625305176,
      2.2139499187469482,
      2.273245334625244,
      3.2223567962646484,
      1.9913520812988281,
      2.377390146255493,
      2.2536182403564453,
      2.0666801929473877,
      2.259894609451294,
      1.971205472946167,
      3.3273303508758545,
      2.0385255813598633,
      2.156669855117798,
      2.118896245956421,
      3.3397445678710938,
      2.1548850536346436,
      1.7138745784759521,
      1.9967283010482788,
      2.245953321456909,
      2.05544114112854,
      2.056286334991455,
      2.087188243865967,
      2.1052587032318115,
      1.7100436687469482,
      3.2142422199249268,
      3.3016011714935303,
      3.2300703525543213,
      2.209243059158325,
      2.303896188735962,
      2.2601218223571777,
      1.6792190074920654,
      2.0459117889404297,
      2.1360254287719727,
      3.3300364017486572,
      3.121649980545044,
      2.0287108421325684,
      2.0072641372680664,
      2.1659414768218994,
      3.2372522354125977,
      2.1263813972473145,
      2.0666143894195557,
      2.2810542583465576,
      2.064889669418335,
      2.209122896194458,
      3.0754809379577637,
      2.1471993923187256,
      1.9379688501358032,
      2.109281539916992,
      3.378337860107422,
      1.953049898147583,
      3.4190847873687744,
      2.2219178676605225,
      2.2764482498168945,
      2.074821949005127,
      2.309173345565796,
      2.183976650238037,
      2.211305618286133,
      3.3212995529174805,
      3.3171069622039795,
      3.5812418460845947,
      2.2151520252227783,
      2.051966428756714,
      2.962022542953491,
      2.101534605026245,
      2.312335729598999,
      2.1642751693725586,
      2.090372085571289,
      1.9137914180755615,
      1.9405038356781006,
      2.318896532058716,
      2.035684585571289,
      2.1648340225219727,
      2.1453540325164795,
      3.031590223312378,
      2.060643196105957,
      1.9669828414916992,
      2.2015457153320312,
      2.2356956005096436,
      1.9274723529815674,
      2.901639223098755,
      2.2238123416900635,
      2.3012187480926514,
      2.2551255226135254,
      2.168243885040283,
      2.3049895763397217,
      2.0836474895477295,
      2.1761093139648438,
      2.1761634349823,
      1.339456558227539,
      3.454496145248413,
      2.107872247695923,
      2.7985854148864746,
      2.16642165184021,
      2.2274904251098633,
      2.1506659984588623,
      1.678702712059021,
      2.1484663486480713,
      2.1377758979797363,
      2.236834764480591,
      2.1689398288726807,
      1.989222526550293,
      2.1568000316619873,
      2.21779727935791,
      3.2212319374084473,
      2.2128145694732666,
      3.644784927368164,
      2.1790432929992676,
      2.0895822048187256,
      3.169372320175171,
      2.2795727252960205,
      2.021430492401123,
      2.114147901535034,
      2.005232810974121,
      2.1020326614379883,
      2.264596700668335,
      2.1819944381713867,
      2.379162549972534,
      2.063452959060669,
      2.0989842414855957,
      2.224503993988037,
      3.257478952407837,
      2.2582459449768066,
      3.4491844177246094,
      3.3532721996307373,
      1.72073495388031,
      3.3484222888946533,
      1.6699227094650269,
      2.16525936126709,
      2.1284923553466797,
      3.2370691299438477,
      2.300853729248047,
      2.167400598526001,
      2.175222873687744,
      3.318739175796509,
      2.0940139293670654,
      2.400242805480957,
      2.162705183029175,
      3.022183895111084,
      2.0545597076416016,
      3.564181089401245,
      2.1733016967773438,
      2.2129974365234375,
      1.9728518724441528,
      2.2037479877471924,
      2.2204396724700928,
      2.2772724628448486,
      2.0985968112945557,
      3.3660178184509277,
      2.3763163089752197,
      3.1832878589630127,
      3.2739009857177734,
      2.320162296295166,
      2.2670834064483643,
      1.9879473447799683,
      3.4472954273223877,
      3.2785513401031494,
      3.5826220512390137,
      2.242147445678711,
      2.2516753673553467,
      2.002211093902588,
      2.274998188018799,
      2.2294254302978516,
      2.098942995071411,
      2.061133861541748,
      2.0063564777374268,
      3.172161817550659,
      2.1840994358062744,
      3.1985714435577393,
      1.8639808893203735,
      2.174816370010376,
      2.152883529663086,
      2.0991461277008057,
      2.141188621520996,
      2.1772193908691406,
      2.272470235824585,
      2.132645606994629,
      3.2632319927215576,
      2.1239662170410156
    ],