{
  "train_loss": [
    [
      1,
      2.340100049972534
    ],
    [
      10,
      1.9407000541687012
    ],
    [
      20,
      1.068600058555603
    ],
    [
      30,
      0.73580002784729
    ],
    [
      40,
      0.5877000093460083
    ],
    [
      50,
      0.5620999932289124
    ],
    [
      60,
      0.44909998774528503
    ],
    [
      70,
      0.4772999882698059
    ],
    [
      80,
      0.4133000075817108
    ],
    [
      90,
      0.42179998755455017
    ],
    [
      100,
      0.42489999532699585
    ],
    [
      110,
      0.3418999910354614
    ],
    [
      120,
      0.3578999936580658
    ],
    [
      130,
      0.3727000057697296
    ],
    [
      140,
      0.36570000648498535
    ],
    [
      150,
      0.34150001406669617
    ],
    [
      160,
      0.367000013589859
    ],
    [
      170,
      0.3393999934196472
    ],
    [
      180,
      0.31360000371932983
    ],
    [
      190,
      0.3409000039100647
    ],
    [
      200,
      0.28029999136924744
    ],
    [
      210,
      0.3393000066280365
    ],
    [
      220,
      0.34850001335144043
    ],
    [
      230,
      0.28049999475479126
    ],
    [
      240,
      0.29019999504089355
    ],
    [
      250,
      0.34369999170303345
    ]
  ],
  "eval_loss": [
    [
      25,
      0.7241889834403992
    ],
    [
      50,
      0.5697182416915894
    ],
    [
      75,
      0.4984202980995178
    ],
    [
      100,
      0.45357266068458557
    ],
    [
      125,
      0.42446595430374146
    ],
    [
      150,
      0.4069346785545349
    ],
    [
      175,
      0.40049558877944946
    ],
    [
      200,
      0.3988470137119293
    ],
    [
      225,
      0.3983944058418274
    ],
    [
      250,
      0.39846938848495483
    ]
  ],
  "learning_rate": [
    [
      1,
      0.0
    ],
    [
      10,
      9.99957865133183e-06
    ],
    [
      20,
      9.949107152351644e-06
    ],
    [
      30,
      9.815346857067198e-06
    ],
    [
      40,
      9.600549674360082e-06
    ],
    [
      50,
      9.30832902668044e-06
    ],
    [
      60,
      8.94360346137546e-06
    ],
    [
      70,
      8.512511158187408e-06
    ],
    [
      80,
      8.022306246857625e-06
    ],
    [
      90,
      7.481239208573243e-06
    ],
    [
      100,
      6.898414994793711e-06
    ],
    [
      110,
      6.283642505877651e-06
    ],
    [
      120,
      5.647267698805081e-06
    ],
    [
      130,
      4.999999873689376e-06
    ],
    [
      140,
      4.352732048573671e-06
    ],
    [
      150,
      3.7163572415011004e-06
    ],
    [
      160,
      3.101584979958716e-06
    ],
    [
      170,
      2.51876099355286e-06
    ],
    [
      180,
      1.9776937278948026e-06
    ],
    [
      190,
      1.4874891576255322e-06
    ],
    [
      200,
      1.0563967407506425e-06
    ],
    [
      210,
      6.916711754456628e-07
    ],
    [
      220,
      3.994506698745681e-07
    ],
    [
      230,
      1.8465293294411822e-07
    ],
    [
      240,
      5.089279042636008e-08
    ],
    [
      250,
      4.213111248763113e-10
    ]
  ],
  "grad_norm": [
    [
      1,
      15.875
    ],
    [
      10,
      11.3125
    ],
    [
      20,
      6.25
    ],
    [
      30,
      4.75
    ],
    [
      40,
      5.15625
    ],
    [
      50,
      5.8125
    ],
    [
      60,
      4.40625
    ],
    [
      70,
      4.1875
    ],
    [
      80,
      4.40625
    ],
    [
      90,
      4.46875
    ],
    [
      100,
      4.625
    ],
    [
      110,
      4.375
    ],
    [
      120,
      4.65625
    ],
    [
      130,
      4.59375
    ],
    [
      140,
      4.71875
    ],
    [
      150,
      4.40625
    ],
    [
      160,
      3.890625
    ],
    [
      170,
      4.21875
    ],
    [
      180,
      4.96875
    ],
    [
      190,
      5.9375
    ],
    [
      200,
      4.78125
    ],
    [
      210,
      4.15625
    ],
    [
      220,
      4.8125
    ],
    [
      230,
      3.5625
    ],
    [
      240,
      3.828125
    ],
    [
      250,
      5.4375
    ]
  ]
}