{
  "summary": {
    "base": {
      "model": "base",
      "n_examples": 301,
      "total_unmasked_tokens": 70223,
      "mean_loss_unweighted": 2.289884779540407,
      "mean_loss_token_weighted": 2.1364778458249636,
      "perplexity": 8.46955395749871
    },
    "sft": {
      "model": "sft",
      "n_examples": 301,
      "total_unmasked_tokens": 70223,
      "mean_loss_unweighted": 0.2901871184759659,
      "mean_loss_token_weighted": 0.2631978579007833,
      "perplexity": 1.3010841232595172
    },
    "delta_token_weighted_loss": 1.8732799879241804,
    "delta_mean_loss_unweighted": 1.9996976610644412,
    "perplexity_ratio_base_over_sft": 6.509612872902112,
    "n_examples_sft_better": 301
  },
  "per_example": {
    "base": [
      2.2519419193267822,
      1.3590196371078491,
      2.3582348823547363,
      2.141770362854004,
      3.3537497520446777,
      2.1048591136932373,
      2.3240644931793213,
      2.3196022510528564,
      2.1477625370025635,
      2.2399532794952393,
      3.036263942718506,
      2.2030818462371826,
      2.1494922637939453,
      2.274998188018799,
      2.320162296295166,
      3.1126677989959717,
      1.3390218019485474,
      2.138817071914673,
      2.070328712463379,
      2.160677671432495,
      2.0453128814697266,
      2.2915239334106445,
      1.9153145551681519,
      3.0014560222625732,
      2.218144416809082,
      1.3016352653503418,
      1.9597632884979248,
      1.72073495388031,
      2.0610463619232178,
      2.1532418727874756,
      2.020263910293579,
      2.2379748821258545,
      3.635270595550537,
      2.2356956005096436,
      1.9237200021743774,
      2.187986135482788,
      2.0878798961639404,
      2.2054190635681152,
      2.1506659984588623,
      1.1873741149902344,
      2.1761634349823,
      2.1473212242126465,
      1.728250503540039,
      2.053849220275879,
      2.2683589458465576,
      3.457472324371338,
      2.013038158416748,
      1.9272501468658447,
      1.2375611066818237,
      2.169624090194702,
      2.2251269817352295,
      2.2675364017486572,
      2.170125722885132,
      2.069061517715454,
      2.217606782913208,
      1.9742048978805542,
      2.852174758911133,
      2.3102803230285645,
      3.659065008163452,
      2.034975290298462,
      3.336850643157959,
      2.194866180419922,
      2.1086294651031494,
      2.211711883544922,
      3.439598560333252,
      1.9956706762313843,
      2.267887830734253,
      3.317143201828003,
      2.133528709411621,
      1.3797332048416138,
      2.2235283851623535,
      2.171424627304077,
      2.1662871837615967,
      2.025862693786621,
      1.2478917837142944,
      3.217272996902466,
      1.2366632223129272,
      3.1748886108398438,
      2.195444345474243,
      2.1044137477874756,
      3.2372522354125977,
      3.301748275756836,
      1.998056411743164,
      2.097421884536743,
      2.1819944381713867,
      2.0019829273223877,
      3.2997148036956787,
      3.400200605392456,
      2.3119473457336426,
      2.020137071609497,
      1.920055627822876,
      2.2078442573547363,
      2.1761093139648438,
      3.611689567565918,
      2.186048746109009,
      3.366271495819092,
      3.602038860321045,
      2.26509690284729,
      2.3057548999786377,
      2.2417750358581543,
      3.0692434310913086,
      3.0734643936157227,
      2.273245334625244,
      2.0197713375091553,
      2.208657741546631,
      2.2809717655181885,
      2.289064407348633,
      1.9778754711151123,
      2.1453540325164795,
      1.2398900985717773,
      2.06467342376709,
      1.1952656507492065,
      2.0072641372680664,
      3.078339099884033,
      2.2092976570129395,
      3.051102876663208,
      3.2760016918182373,
      2.2488512992858887,
      1.766469955444336,
      2.292776346206665,
      1.0693058967590332,
      1.1446932554244995,
      2.297896385192871,
      2.008587598800659,
      2.228301525115967,
      2.1568000316619873,
      3.4175238609313965,
      2.1623952388763428,
      2.941317081451416,
      2.300825834274292,
      2.973517894744873,
      3.4040756225585938,
      2.059175491333008,
      2.152430772781372,
      1.7100436687469482,
      2.128953695297241,
      2.290198564529419,
      2.051966428756714,
      2.258491277694702,
      1.3509645462036133,
      3.1605379581451416,
      2.2687790393829346,
      2.2700023651123047,
      2.163508892059326,
      2.2333004474639893,
      2.283184289932251,
      2.0811963081359863,
      2.0927650928497314,
      2.1946303844451904,
      3.420093536376953,
      2.0169239044189453,
      2.1377758979797363,
      2.240762710571289,
      3.648102283477783,
      1.193895936012268,
      3.0276293754577637,
      3.0783135890960693,
      2.0954670906066895,
      3.415593385696411,
      2.1790432929992676,
      1.9280784130096436,
      1.1453748941421509,
      2.132645606994629,
      2.103501081466675,
      2.193586587905884,
      3.05070161819458,
      2.1675055027008057,
      2.245953321456909,
      1.7138745784759521,
      2.031013250350952,
      2.15903377532959,
      2.150554656982422,
      1.1468467712402344,
      2.1849987506866455,
      2.050220251083374,
      1.9566584825515747,
      2.124285936355591,
      2.115273952484131,
      2.172147035598755,
      2.2611236572265625,
      2.150452136993408,
      2.2151520252227783,
      3.1985714435577393,
      2.266449213027954,
      1.9971188306808472,
      1.084954857826233,
      2.9159154891967773,
      2.083674669265747,
      2.899474620819092,
      3.0681612491607666,
      2.064202070236206,
      2.2295994758605957,
      2.1693150997161865,
      3.0430195331573486,
      3.257478952407837,
      2.304858684539795,
      2.2524170875549316,
      1.9790433645248413,
      2.1290478706359863,
      2.2274837493896484,
      2.2204396724700928,
      2.163466691970825,
      2.2727465629577637,
      2.148822784423828,
      2.109022855758667,
      3.208332061767578,
      3.3250269889831543,
      2.0133655071258545,
      2.9332101345062256,
      2.1229429244995117,
      2.318020820617676,
      3.1704182624816895,
      2.242147445678711,
      2.133962392807007,
      1.311600685119629,
      2.2469470500946045,
      3.33349347114563,
      1.9752353429794312,
      3.1662447452545166,
      2.271352529525757,
      2.2136831283569336,
      1.3538702726364136,
      2.1502339839935303,
      2.0995702743530273,
      2.2947325706481934,
      2.221036195755005,
      2.174208164215088,
      1.1983939409255981,
      2.1201565265655518,
      2.1078548431396484,
      2.231947898864746,
      2.2706217765808105,
      3.3088674545288086,
      2.18668270111084,
      2.309194326400757,
      2.3230175971984863,
      2.3012187480926514,
      1.1346317529678345,
      2.1462864875793457,
      2.1275672912597656,
      2.152883529663086,
      1.9367504119873047,
      2.343534469604492,
      2.101482629776001,
      3.2521917819976807,
      2.033019781112671,
      2.110004425048828,
      2.098942995071411,
      2.2754108905792236,
      1.8802582025527954,
      3.0947177410125732,
      2.057278633117676,
      2.2450852394104004,
      2.2863657474517822,
      2.241334915161133,
      3.3739101886749268,
      3.4500436782836914,
      3.168006181716919,
      1.9096843004226685,
      2.8956644535064697,
      2.174010753631592,
      2.2671098709106445,
      1.955564022064209,
      2.0461747646331787,
      3.1251988410949707,
      2.157198667526245,
      2.1057212352752686,
      2.056286334991455,
      2.201112747192383,
      2.166262626647949,
      2.0836474895477295,
      2.309173345565796,
      2.377390146255493,
      1.9610825777053833,
      2.204908609390259,
      2.0029854774475098,
      2.1241700649261475,
      2.218909740447998,
      1.8644980192184448,
      2.242513656616211,
      1.3744505643844604,
      2.2035512924194336,
      2.260770082473755,
      2.1482412815093994,
